Price,Close,High,Low,Open,Volume
Ticker,WEGE3.SA,WEGE3.SA,WEGE3.SA,WEGE3.SA,WEGE3.SA
Date,,,,,
2023-01-02,36.540042877197266,36.92366685336323,36.19478568885915,36.92366685336323,3017700
2023-01-03,35.628936767578125,36.79898276084444,35.37958012449057,36.54962977626569,5662900
2023-01-04,35.86870193481445,36.14682544142546,35.15899876494101,35.80156829613156,6169800
2023-01-05,35.9454231262207,36.34822860114798,35.734429607996475,36.05091988533282,6660600
2023-01-06,36.472900390625,36.70307545224156,35.772789913532854,35.955012904377604,4071700
2023-01-09,36.36740493774414,36.7318472739318,35.69606860596243,36.44413118052412,5730600
2023-01-10,36.0125617980957,36.357822636738874,35.56180784409761,35.98379128104521,6556000
2023-01-11,37.019561767578125,37.115469566908544,35.67688550352843,35.955012633823955,5982900
2023-01-12,36.933250427246094,37.39360059500069,36.63594536460277,36.962024599298786,5376000
2023-01-13,37.37441635131836,37.74844763458496,36.36740454743617,36.62635012627657,4957200
2023-01-16,36.146827697753906,37.49909682471925,35.74402584051319,37.49909682471925,7545600
2023-01-17,36.74143981933594,36.990792790917936,36.19477814526394,36.39617904444655,4932900
2023-01-18,36.43454360961914,37.20178777394003,36.252320605368155,37.00997581823262,5833500
2023-01-19,36.35781478881836,36.64553087274704,36.02214663398632,36.17559545598218,5522400
2023-01-20,35.80156707763672,36.35781773043583,35.686477707946864,36.33863616882086,6967000
2023-01-23,35.83993148803711,36.5496347316905,35.638530551051026,35.79197940663699,4331400
2023-01-24,35.68648147583008,36.194783766022994,35.264498051272746,36.194783766022994,7500200
2023-01-25,37.1346549987793,37.71967983091536,35.5905740243897,35.62893714812197,12935100
2023-01-26,36.645530700683594,37.364822736382216,35.446710641185895,37.18260340440162,11767800
2023-01-27,36.35781478881836,36.99079163686485,35.648111700519685,36.54962673094031,14610700
2023-01-30,35.82073974609375,36.472898111664854,35.57138679855575,36.44412760270116,8055300
2023-01-31,36.67430877685547,37.15383685173925,35.69607106507149,35.75361209261187,9636200
2023-02-01,36.81816482543945,37.16342562304073,36.17559896429952,36.626352864715535,6318500
2023-02-02,36.482505798339844,37.38401748403867,36.16601543490241,36.5688210194128,7112600
2023-02-03,36.35781478881836,37.019562147705166,36.16600284669641,36.29068115785195,8093400
2023-02-06,36.031742095947266,36.472907081593355,35.69607388045767,36.29068771582888,6881500
2023-02-07,36.12764358520508,36.338637109925365,35.70566019427339,35.96460579501859,8673800
2023-02-08,36.1180534362793,36.7510303309514,35.80156681819763,36.10846448479569,4938900
2023-02-09,36.42495346069336,36.93325206792858,36.06051108607673,36.19478202510002,6409800
2023-02-10,37.019561767578125,37.173010587998334,35.964601584502766,36.33863285562024,7127800
2023-02-13,37.000389099121094,37.57582134245213,36.78939556926219,36.9428444113844,5129800
2023-02-14,36.78939437866211,37.738857915282125,36.60717136931427,37.04833997733362,6066600
2023-02-15,37.288108825683594,37.72927383212176,36.92366641846933,37.288108825683594,10995900
2023-02-16,37.192195892333984,37.364826290000515,36.25232131532112,37.134654865451026,7342600
2023-02-17,37.9977912902832,38.12246957364835,36.846923552584734,36.97160183594989,8000500
2023-02-22,37.03932571411133,38.26432096018347,37.00074220160596,38.10034655132506,8043500
2023-02-23,37.84955978393555,38.13892875877148,36.894638119498204,37.12613550708264,9948300
2023-02-24,37.4830207824707,37.888136578865804,36.99109025310425,37.666286926621936,5112700
2023-02-27,37.425148010253906,37.96530612091034,37.106843246127255,37.54089486270668,4714600
2023-02-28,37.77239227294922,37.94601439151006,37.39621224257608,37.415503997919075,7461500
2023-03-01,37.98459243774414,38.46687521335964,37.31903985249838,37.77238683902514,7934900
2023-03-02,37.77239227294922,38.351130215134646,37.608417871822915,37.974950184761504,4163300
2023-03-03,37.4637336730957,38.3125525587391,37.347986813993614,37.96530830190652,5339900
2023-03-06,38.0328254699707,38.18715583326639,37.328692957463765,37.6084178907891,5594500
2023-03-07,38.18715286254883,38.36077496769054,37.75309759969455,37.907427950984314,4956200
2023-03-08,38.73695373535156,38.89128408172644,38.02317358366419,38.19679568327664,7378100
2023-03-09,38.44758224487305,38.87198974936344,38.44758224487305,38.582620829050654,5384100
2023-03-10,38.13892364501953,38.57297888883741,37.92671804148065,38.40900082805037,4632900
2023-03-13,38.38006591796875,38.862348715592304,37.67593347498145,37.82061610655307,7427900
2023-03-14,38.833404541015625,38.920215581251796,38.29325022801306,38.29325022801306,4704200
2023-03-15,38.650142669677734,39.03597037521938,38.24502689043213,38.63085091644808,6236000
2023-03-16,38.871986389160156,38.95879742570235,38.418643135684384,38.68872028069337,6583700
2023-03-17,38.45722579956055,38.80446997139818,38.31254318097847,38.68872314062744,9680200
2023-03-20,38.34445571899414,38.9626025145848,38.228554115932276,38.73079562401554,5827400
2023-03-21,38.59557342529297,38.90464679868197,38.44103673859847,38.479671831383406,5241100
2023-03-22,38.17060089111328,38.87567479937849,38.03538174219194,38.6052365015358,4920900
2023-03-23,38.5279655456543,38.981918694682534,38.18025706422377,38.247866637341325,6499000
2023-03-24,39.12679672241211,39.223384463426456,38.4507009575396,38.63421213879849,6714600
2023-03-27,39.7835807800293,39.89948607552926,39.16543394181265,39.387580231518896,7311600
2023-03-28,39.957427978515625,40.440355571096724,39.725624797365974,39.764256204594155,6873300
2023-03-29,40.305137634277344,40.71079874003053,39.860845120146195,40.06367383080016,7454100
2023-03-30,40.430694580078125,40.594888176532606,39.65801124643546,40.36308501866219,5155400
2023-03-31,39.165428161621094,40.92328435503535,39.068844114071176,40.48864877217023,10945300
2023-04-03,38.23820495605469,39.397231855368844,37.95810608253515,39.397231855368844,8938800
2023-04-04,38.2768440246582,38.57625678969758,37.9098180034262,38.498990286748665,6442000
2023-04-05,37.42689514160156,38.5666047593789,37.14679620337162,38.354115401487796,7128200
2023-04-06,37.29167556762695,37.84221282111076,37.22406598803742,37.41723779448427,3998900
2023-04-10,37.07918167114258,37.43654707441433,36.866692341629225,37.195083267038356,4469500
2023-04-11,37.75528335571289,37.98709024599147,37.320647739219005,37.33030835538861,7179900
2023-04-12,38.383087158203125,39.0495259178764,37.84220692136636,37.91947342123151,9407100
2023-04-13,38.025718688964844,38.69216114371339,37.79391550122684,38.43137979417421,6615400
2023-04-14,37.43654251098633,37.68766690333523,37.001910658246445,37.60073979589828,6485300
2023-04-17,38.131961822509766,38.151279368120704,37.494497555129094,37.51381510074004,3679400
2023-04-18,37.92913818359375,38.36377380674865,37.52347704050065,38.1609413929793,5687600
2023-04-19,37.774600982666016,38.160940888011524,37.59108611951478,37.74562650298762,4241900
2023-04-20,38.875667572021484,39.0108866958043,37.571764667607376,37.98708265319449,9536000
2023-04-24,38.97226333618164,39.368263896909966,38.58592339259926,38.97226333618164,8144200
2023-04-25,39.15576934814453,39.76425545045615,38.93362310190369,39.310306027461856,9244600
2023-04-26,38.74045181274414,39.976745262635646,38.32513379108776,39.66767190016277,9771600
2023-04-27,38.97226333618164,39.06885108541166,38.31548137920112,38.80806968915946,5337900
2023-04-28,39.71596908569336,39.71596908569336,38.74045684939534,38.74045684939534,7415000
2023-05-02,39.42620849609375,40.15059988740039,38.98191599369251,39.29098935922773,5799900
2023-05-03,38.53761672973633,39.590398847765606,38.50863857374568,39.27166492297996,5451100
2023-05-04,37.95811462402344,38.827385915227225,37.83255239652827,38.634214107799075,5340400
2023-05-05,37.88084411621094,38.180256885920315,37.475182994954636,37.822891474761356,7852800
2023-05-08,37.86152648925781,38.199574352554386,37.49450046307484,38.0836727543449,4669200
2023-05-09,38.498985290527344,38.55693423910735,37.85186045064009,37.90015615371656,3642300
2023-05-10,38.00639724731445,38.65352208935366,37.99674031733396,38.44103278533409,4335000
2023-05-11,37.97743225097656,38.15128650957332,37.54279660448467,37.8422130908337,6709000
2023-05-12,37.58142852783203,38.27684550346602,37.4751838582829,37.764939703315235,5474100
2023-05-15,38.286502838134766,38.412065056600746,37.6393815668976,37.668356046372246,5580100
2023-05-16,38.34445571899414,38.70182114436145,38.0643568008529,38.14162699252449,4265800
2023-05-17,38.112640380859375,38.692155636611744,38.025713276718754,38.52795835792626,3886400
2023-05-18,37.95811462402344,38.228556628201154,37.74562895185367,38.102994400705995,5386900
2023-05-19,38.7597770690918,39.097824975156634,37.75528659900509,38.12231267162251,11502300
2023-05-22,38.98191452026367,39.48415964138595,38.4893263295046,38.53762203465569,6401900
2023-05-23,38.84669876098633,39.47450245355823,38.65352697694677,38.92396526393495,5552000
2023-05-24,38.46035385131836,38.952942067658846,38.392744281929694,38.73079212887301,3074900
2023-05-25,37.70698928833008,38.904647717382865,37.523474435490705,38.88533017053423,7746200
2023-05-26,38.16094207763672,38.276847368854575,37.71664951463856,38.03538353881918,6524500
2023-05-29,37.55245590209961,38.189920266411605,37.407576130210025,38.160942101366295,3442100
2023-05-30,37.03089141845703,37.91947650358499,36.92464674861663,37.84220999743909,6349200
2023-05-31,36.3258171081543,37.030891009509524,36.3258171081543,36.90532879340792,12497500
2023-06-01,35.9201545715332,36.702498631929906,35.9201545715332,36.53830501184712,10739000
2023-06-02,36.38376998901367,36.605919966240684,35.66903907909959,36.00708698453924,9999400
2023-06-05,36.345130920410156,36.818397888359165,36.161616080864775,36.49000698461197,4888100
2023-06-06,36.895668029785156,37.02123023284538,36.53830265047763,36.5865946718254,6913000
2023-06-07,36.84737777709961,37.13713360353943,36.63488845163596,37.07918096447337,7235000
2023-06-09,36.50932693481445,37.4751821642246,36.441717363511366,36.95361945607625,8603000
2023-06-12,36.46103286743164,36.721814206895026,36.325813732401386,36.67352218501924,7812500
2023-06-13,36.07469177246094,36.63488958069534,35.958790175202054,36.605915102491956,10187500
2023-06-14,36.576934814453125,36.576934814453125,36.13264231373963,36.2871789959202,11544100
2023-06-15,36.5479621887207,36.69284194754644,36.27752390232101,36.61557176032063,6148900
2023-06-16,36.557613372802734,36.99224889650704,36.412737321197795,36.42239425086023,10825900
2023-06-19,36.38376998901367,36.88601522312818,36.28718592587258,36.57694179974169,3436700
2023-06-20,35.6883544921875,36.37411087899665,35.620744915146915,36.37411087899665,6858200
2023-06-21,35.20542526245117,35.86220713957669,35.079863045941615,35.76561940209032,11890100
2023-06-22,35.157127380371094,35.31166405016514,34.86736790061803,35.021904570412076,4656400
2023-06-23,35.35029983520508,35.35029983520508,34.9060073150421,35.24405885516677,5203600
2023-06-26,35.21322250366211,35.474416225337635,34.65213094670325,35.45507154918088,6546100
2023-06-27,35.309959411621094,35.45507030999001,34.797240633944895,35.28093870807669,6131000
2023-06-28,35.38734436035156,35.58082059119356,35.09712263344346,35.445385753475136,6256700
2023-06-29,35.63887023925781,35.79365345794954,35.24223801071508,35.53245608447168,9004800
2023-06-30,36.51919937133789,36.799745099868055,35.56147569785741,35.87104581610226,8007900
2023-07-03,36.461158752441406,36.71268381241727,36.12257158361625,36.63529035078673,4338100
2023-07-04,35.977455139160156,36.557894940893654,35.977455139160156,36.47082915514977,2692200
2023-07-05,36.27735137939453,36.49017968839035,35.87104681530036,35.93876424264939,4665600
2023-07-06,35.68723678588867,36.35474236780028,35.464736155359056,36.27734891875201,5783000
2023-07-07,35.79365539550781,36.46115737031309,35.551806372565196,35.61952380376327,4221200
2023-07-10,35.1068000793457,35.803322657262754,35.029406631620084,35.754953597595595,4546100
2023-07-11,34.777889251708984,35.164845463258025,34.361908648809504,35.106804061203384,6933800
2023-07-12,34.88429641723633,35.039079608896735,34.661795809869645,34.83592367145551,4844700
2023-07-13,34.88429641723633,35.377666687428125,34.806902976244935,34.83592367145551,3046100
2023-07-14,34.826263427734375,35.174526652463506,34.69082854930053,34.94234993920286,4424000
2023-07-17,34.149078369140625,34.79723561393934,33.90722936696495,34.77788725092654,12067700
2023-07-18,34.76821517944336,35.261589266588125,34.17810664687602,34.197451321766536,10489700
2023-07-19,36.67398452758789,36.84811611380651,34.565060819227305,35.79365425962622,42083100
2023-07-20,36.915828704833984,37.12865699128068,36.122564333943274,36.80941456161064,22364800
2023-07-21,37.622032165527344,37.87355720759181,36.683656806858465,36.944854185776286,14512500
2023-07-24,40.33623504638672,40.47217746725217,37.96694015420651,37.98636102920917,28879300
2023-07-25,39.326377868652344,40.86059389436146,39.30695699063851,40.47218374239229,9924300
2023-07-26,39.30694580078125,39.67593496969317,38.85056455776264,39.25839547164479,7944300
2023-07-27,39.18071746826172,39.85072469828648,38.9088326237028,39.306951305015446,8479800
2023-07-28,39.15159225463867,40.22942686842373,39.02535840419129,39.714786584208866,5882900
2023-07-31,38.76317596435547,39.1224565813624,38.6563667123255,39.1224565813624,7141800
2023-08-01,38.70491409301758,38.976798903175386,38.45244645145443,38.76317300710698,5088200
2023-08-02,38.869991302490234,38.90883305332845,38.258250395477916,38.54955611845806,4455200
2023-08-03,39.258399963378906,39.549705675679974,38.80201866814361,38.88941075224924,5008000
2023-08-04,39.66622543334961,40.24884053586601,39.15158524132345,39.25839819532577,6023600
2023-08-07,39.74391174316406,39.889566455146,39.23898010022071,39.326372186579235,4166400
2023-08-08,39.48173141479492,39.743907646848584,39.21955518274126,39.46231054158878,6978200
2023-08-09,39.59825897216797,39.87985612025439,39.20014027127638,39.31666552823493,4456500
2023-08-10,39.07390213012695,39.96724002559979,38.71462155098222,39.598250862440196,6334900
2023-08-11,38.64665603637695,39.16129996454583,38.35535031908793,39.10303733942676,6228100
2023-08-14,38.170860290527344,38.79231351960028,37.88926313855572,38.72434230418002,6590800
2023-08-15,38.20969009399414,38.62722958670581,38.02519736397258,38.083459980683266,3892600
2023-08-16,36.52012252807617,38.18056855504729,36.3550469319079,38.18056855504729,12275400
2023-08-17,35.84040832519531,36.88911346680946,35.46171048099695,36.88911346680946,8420400
2023-08-18,35.2092399597168,35.6753335658411,34.85967531135348,35.6753335658411,10409500
2023-08-21,34.99562454223633,35.364610137959964,34.81112804022052,35.19953821947634,4868400
2023-08-22,35.41316223144531,35.49084204051126,34.82083840768307,34.99562260827369,7395500
2023-08-23,35.39373779296875,35.617072314780124,34.90822699664312,35.45199671786964,6666600
2023-08-24,34.937355041503906,35.39373635686133,34.60720756523214,35.39373635686133,7784400
2023-08-25,35.30634689331055,35.63649439412299,34.81112379001511,34.93735763848404,6243500
2023-08-28,35.558807373046875,35.617069998311884,35.10242977300706,35.46170670175837,4461100
2023-08-29,35.43257522583008,35.88895279991155,35.28692052302884,35.69474776422756,3816100
2023-08-30,35.248077392578125,35.64619603324665,35.06358465319855,35.58793711773353,4406700
2023-08-31,34.84025192260742,35.39373387278308,34.75285984078216,35.16068708653138,7545200
2023-09-01,34.90822982788086,35.16069383261882,34.53924055558349,34.72373333965532,10375300
2023-09-04,35.083003997802734,35.083003997802734,34.54894297200298,35.053870837162734,3994000
2023-09-05,34.869380950927734,35.286920480693844,34.704309078493814,34.95677303167304,4331200
2023-09-06,34.51981735229492,35.257795847177135,34.51981735229492,34.898515185968456,4726300
2023-09-08,34.374168395996094,34.5975029342744,34.09257122436765,34.519819423140895,4376200
2023-09-11,34.25763702392578,34.646047102063804,33.801259441889584,34.5392341453682,6954500
2023-09-12,34.61691665649414,34.61691665649414,34.06343471861446,34.257636047998055,8096700
2023-09-13,35.85982131958008,36.62692913000554,34.82082869701505,34.91792935730697,14268900
2023-09-14,35.03445816040039,36.14142209866559,35.03445816040039,35.97634651438487,6123300
2023-09-15,35.053871154785156,35.44228119751489,34.90822016687603,35.053871154785156,9770200
2023-09-18,34.75285339355469,35.228651758660334,34.57806926232951,35.180101434242744,4523900
2023-09-19,34.937355041503906,35.267502517775675,34.61691985509049,34.772283155444654,4680200
2023-09-20,34.75285339355469,35.306335241050334,34.75285339355469,34.995608719794966,3614500
2023-09-21,33.966331481933594,34.58778464664236,33.83038906517268,34.49068397871401,8498600
2023-09-22,33.5876350402832,34.14111701884273,33.5876350402832,34.06343722221056,4730200
2023-09-25,35.14378356933594,35.40641399753269,34.04462741663915,34.23916888684822,12727400
2023-09-26,35.095157623291016,35.231335572224694,34.15163367629221,34.22944805686682,9274100
2023-09-27,35.03679275512695,35.71768618510619,34.783887678857475,35.19242522107329,10447500
2023-09-28,35.396690368652344,35.57177734791683,34.83252409924383,35.11460537866284,5738900
2023-09-29,35.279964447021484,35.70795274895459,35.16324103932522,35.620409265539834,5247900
2023-10-02,35.163246154785156,35.54260006791312,35.00761368502572,35.27996957946204,5406700
2023-10-03,34.20999526977539,35.143793858044084,34.08354643110473,35.03679583257583,7549900
2023-10-04,34.20026397705078,34.57961784891511,34.09326596999769,34.336441909456404,5224100
2023-10-05,34.02518081665039,34.54071267869075,33.927911914195114,34.33644575719221,4103700
2023-10-06,33.85009002685547,34.19053856840284,33.324829107144915,33.85009002685547,6279600
2023-10-09,33.89872360229492,34.0738105710365,33.59718781990574,33.733365748800246,3984400
2023-10-10,34.33644104003906,34.443439044382906,33.93763265784763,34.03490525751034,4115100
2023-10-11,34.20999526977539,34.58935291750039,33.95709388186306,34.171089932799575,5169500
2023-10-13,33.59718704223633,34.190536899174134,33.59718704223633,34.054355262861534,5443600
2023-10-16,33.704185485839844,34.12244838357127,33.69445637069061,33.947361416587405,3835500
2023-10-17,33.34428787231445,33.918183310854594,33.34428787231445,33.68473645720112,5700600
2023-10-18,33.35401153564453,33.96681220921967,33.178924568745856,33.30537709163273,8699900
2023-10-19,33.01356506347656,33.45128250799716,32.44939879876037,33.373468134843755,8305700
2023-10-20,32.887115478515625,33.392921879247226,32.78984287612279,32.94547532938095,4624100
2023-10-23,32.97465896606445,33.227560311150285,32.48830708580138,32.60503049810481,6072400
2023-10-24,34.054359436035156,34.14190292910756,33.28592623081143,33.5971911593865,9893700
2023-10-25,30.61098861694336,32.78011955048122,30.61098861694336,32.60503256563836,43128700
2023-10-26,31.76850128173828,32.38130562446399,30.65961970670983,30.961157320829237,19917500
2023-10-27,30.766616821289062,32.254854131162915,30.620711639211635,31.904680209949056,13106900
2023-10-30,31.418331146240234,31.58369271725451,30.86389029211491,31.107066235523224,14193400
2023-10-31,32.10894775390625,32.31321835252719,31.476692570334322,31.573961456862257,13609300
2023-11-01,32.17704391479492,32.38131082498596,31.904684323969633,32.050591380146415,11413500
2023-11-03,32.6147575378418,33.09138403704101,32.39103610697541,32.53694316259593,8785500
2023-11-06,32.303489685058594,33.023292071275904,32.16731175780483,32.82875058495472,8521100
2023-11-07,31.885225296020508,32.37157713377833,31.739321971035192,32.30348817333784,15716300
2023-11-08,31.564239501953125,31.97277332270151,31.379423402554075,31.807415455418756,6569200
2023-11-09,31.52532958984375,31.80741457862495,31.32106268510032,31.622598484320488,5700600
2023-11-10,32.264583587646484,32.49803413463256,31.564239367829384,31.671237380590895,7267300
2023-11-13,31.82686996459961,32.17704393114537,31.56423948969029,32.17704393114537,7939500
2023-11-14,32.546661376953125,32.68283928647322,31.80740827788557,32.050584176477095,8465100
2023-11-16,32.566123962402344,32.702301905660676,32.274313553910105,32.546669440426776,10829700
2023-11-17,32.35213088989258,32.75093935043675,31.953322429348404,32.59530687097003,8961500
2023-11-20,32.566123962402344,32.624487528329055,32.13813561065177,32.352127931241725,6991600
2023-11-21,32.74120330810547,32.74120330810547,32.30348594224113,32.53693644089204,4985800
2023-11-22,33.16919708251953,33.40264762003912,32.76066328007327,32.78011780074743,5651700
2023-11-23,33.13029479980469,33.188654656626014,32.91629876327114,33.16920013416199,3008100
2023-11-24,32.79957580566406,33.25674410307473,32.79957580566406,33.071931702893465,2542400
2023-11-27,33.208106994628906,33.35401404822583,32.32294668888151,32.79957318147034,4968000
2023-11-28,33.431819915771484,33.62636136754342,32.9065628197277,33.19837314210081,5627600
2023-11-29,33.198387145996094,33.626375551974725,33.16920350404971,33.461017660086775,3021400
2023-11-30,33.256744384765625,33.392926045104616,32.81903060638822,33.237289861860056,8086700
2023-12-01,33.83063888549805,33.937636903226654,33.23728894032722,33.2567434626934,5005000
2023-12-04,33.81117630004883,34.31698262923562,33.36373352404239,33.412367963074416,5514000
2023-12-05,34.33644104003906,34.569891568659294,33.81118013357124,33.82090924882265,5143900
2023-12-06,34.423988342285156,35.11460717891811,34.34617396449516,34.46289738646549,5700700
2023-12-07,34.39480972290039,34.82279809345383,34.06409025592747,34.51153314931118,4183000
2023-12-08,33.704185485839844,34.56989120560992,33.412371400486585,34.39480423862606,5927600
2023-12-11,33.91817855834961,34.38507591080725,33.626368176884874,33.69445714220763,4105000
2023-12-12,34.07381057739258,34.1613540617797,33.81118012423122,33.947361763721396,3469600
2023-12-13,35.07569885253906,35.16324233919,33.6750030661241,33.92790812114696,6245100
2023-12-14,35.30914306640625,35.53286446896042,34.90060929928214,35.3772320275936,5864700
2023-12-15,35.046512603759766,35.766314963733535,35.046512603759766,35.50368452336081,11388200
2023-12-18,35.12638473510742,35.5649779517711,35.028917510296345,35.28232857681068,5052100
2023-12-19,35.49674606323242,35.69167677853839,35.13612665661258,35.204351849270545,4893400
2023-12-20,35.24333572387695,35.80863437815188,35.24333572387695,35.43826642252327,6796400
2023-12-21,35.46751022338867,35.57472231016141,35.1653711257503,35.57472231016141,4939500
2023-12-22,35.58446502685547,35.623451913874455,35.253083923182466,35.4675080837927,4733200
2023-12-26,35.78914260864258,35.98406959840252,35.52598671087385,35.64294364832862,3173100
2023-12-27,35.906105041503906,36.052304024193525,35.58446876678457,35.789148086148955,2730800
2023-12-28,35.974327087402344,36.27646989006878,35.77939636690768,35.90610189292835,3536300
2024-01-02,35.642940521240234,36.110771948008704,35.409026666852846,35.97432157995044,3991200
2024-01-03,35.91584014892578,36.34468839872373,35.45775731572374,35.45775731572374,6435500
2024-01-04,35.43827438354492,36.159513297166825,35.34080715332935,35.76965553028854,5461100
2024-01-05,35.05815887451172,35.42852316781448,34.66829741862057,35.116635490299316,9274700
2024-01-08,35.1458740234375,35.37978789933063,34.736519163633496,34.95094331486388,3433300
2024-01-09,34.278438568115234,35.067906403202066,34.15173674561567,34.8924691065161,5964800
2024-01-10,34.42464065551758,34.66830317641903,34.34667058218652,34.463627551180615,3191100
2024-01-11,33.93730926513672,34.48311454833158,33.917815820951795,34.32717071284652,4883200
2024-01-12,33.79111099243164,34.20046589280254,33.60592884583195,33.917816523260065,4474600
2024-01-15,33.449981689453125,33.90806829686388,33.34276961384686,33.791107640933035,2592600
2024-01-16,32.75798034667969,33.34276873901441,32.62152996966785,33.333023876939535,7196800
2024-01-17,32.553314208984375,32.728751521092285,32.32914141840593,32.58255252167069,4706900
2024-01-18,32.299896240234375,32.70925112080765,32.065982352473256,32.60203903975288,4085900
2024-01-19,32.63127899169922,33.0796170641779,31.80282804394537,32.48508373397499,6901200
2024-01-22,32.533809661865234,32.80671040182059,32.35837240961001,32.641021729131616,3767000
2024-01-23,32.91392517089844,32.952912056376306,32.543557194846755,32.66051413328633,5512800
2024-01-24,32.62152862548828,33.08936006367772,32.51431655711271,33.08936006367772,6881200
2024-01-25,32.40711212158203,32.757986712364016,32.36812522971856,32.631281172805046,4835300
2024-01-26,32.32913589477539,32.650772151351376,32.20243408278579,32.553308647052546,3828900
2024-01-29,32.40711212158203,32.91393056182327,32.280406582023055,32.309648609917986,4135300
2024-01-30,32.1536979675293,32.62152941707097,31.919780383761534,32.45583702065341,4833100
2024-01-31,31.520174026489258,32.34862485209642,31.432455397590182,32.16344273241786,6014500
2024-02-01,31.802825927734375,32.377869493038595,31.276514111762214,31.549414882417043,9860000
2024-02-02,31.763835906982422,32.15369729916014,31.43245483902949,31.81256765150619,6217700
2024-02-05,32.41685485839844,32.57279869762486,31.67612255157153,31.763841193511045,7346000
2024-02-06,32.397361755371094,32.826206339052085,32.06598066680132,32.50457011279583,5566400
2024-02-07,32.7774772644043,33.040633184257004,32.37787095307114,32.524066207659764,4950400
2024-02-08,32.94316864013672,33.00164897752082,32.504575404742496,32.602042633716,5247100
2024-02-09,32.524070739746094,32.94317055368965,32.4266072231059,32.93342568922356,4039600
2024-02-14,32.68000793457031,32.90417695153645,32.44609405512481,32.52406410894195,4030600
2024-02-15,32.36812210083008,33.011390882416784,32.19268482239786,32.84570218500541,4843200
2024-02-16,32.553314208984375,32.71900293820018,32.30965168861172,32.553314208984375,6446000
2024-02-19,32.641029357910156,32.641029357910156,32.212180988615266,32.485085510346906,2780000
2024-02-20,33.401248931884766,33.53769930835099,32.41685055653176,32.592287817129446,8284100
2024-02-21,35.7014274597168,35.7014274597168,34.60981687697544,34.95094657833,23108000
2024-02-22,34.570831298828125,35.857368800767574,34.05426435114451,35.623451201326716,12996800
2024-02-23,35.067901611328125,35.45776304357846,34.48311318094679,34.600070123424224,8754900
2024-02-26,35.9405632019043,36.255055117474306,35.046226114057205,35.25261073070514,8763800
2024-02-27,36.323848724365234,36.44178600037522,35.62607004531605,35.98970060708208,5350600
2024-02-28,36.27471160888672,36.412301354373355,35.979875904409724,36.264885376654554,3790300
2024-02-29,36.05849838256836,36.45161516953465,35.94056484609428,36.127293257931534,7661800
2024-03-01,36.64816665649414,36.93317608588132,36.13711642936365,36.14694266011822,6122500
2024-03-04,36.50075149536133,36.78576096022527,36.038839862584545,36.57937634734005,4485100
2024-03-05,36.785762786865234,36.90369632165016,36.284538703210224,36.50075330784882,6135700
2024-03-06,36.49092102050781,36.89386396744953,36.39263996696175,36.7562742415239,4409400
2024-03-07,36.264888763427734,36.47127340093192,35.89142817005844,36.36316609108504,3489600
2024-03-08,36.2845344543457,36.50074903366589,35.930733891420445,36.21573958802365,2724400
2024-03-11,36.52040481567383,36.68748073837534,36.01918454564727,36.048666988284424,3755200
2024-03-12,36.96266174316406,37.22801498509066,36.510580108343554,36.579374976727586,5878500
2024-03-13,37.365604400634766,37.50319413621999,36.85455413343313,36.90369278913656,4603100
2024-03-14,37.139564514160156,37.39508777963296,36.94300613739073,37.041283451255836,4046200
2024-03-15,37.345951080322266,38.161667074510326,36.90369564666846,37.50319704017257,9875600
2024-03-18,37.345951080322266,37.50319704017257,37.03145916062165,37.296812420813936,5536500
2024-03-19,38.092864990234375,38.26976714761793,37.365603897914504,37.44422499617438,8934600
2024-03-20,38.16166687011719,38.29925661561935,37.935622289318616,38.240287975101545,4640600
2024-03-21,38.751338958740234,39.18376441633634,38.0830426839757,38.12235511167701,9309100
2024-03-22,39.05600357055664,39.33118305878237,38.63340435704464,38.71202546123513,5473300
2024-03-25,38.42390060424805,39.05379999866252,38.36484612808549,38.93569480083394,3554400
2024-03-26,38.16800308227539,38.75853660290091,38.049897879948965,38.32547793687619,7648500
2024-03-27,37.94163131713867,38.315635486059286,37.63652591350303,38.14831634950408,4968600
2024-03-28,37.59716033935547,38.10895458534005,37.459370302839794,37.88258470327903,5257500
2024-04-01,37.390472412109375,37.73494747693473,36.97709857982233,37.597157451004584,6335000
2024-04-02,37.567630767822266,37.705424557171995,37.20347085364013,37.26252533479001,5312400
2024-04-03,37.292049407958984,37.85305381873534,37.08536436283016,37.616843411301474,7117600
2024-04-04,37.49873352050781,38.05973791733219,37.223153467189626,37.29204848051917,4821600
2024-04-05,37.390472412109375,37.597157451004584,37.22315327026804,37.321573644647685,4478300
2024-04-08,37.59716033935547,37.744790912266446,37.144420575233426,37.351105630006934,3081900
2024-04-09,38.187686920166016,38.28611104830486,37.50857733124265,37.557787518063776,3764800
2024-04-10,37.794002532958984,38.59121733933215,37.705422692862335,38.08926741511559,7144900
2024-04-11,37.636531829833984,38.12864127253607,37.43968730185374,37.61684700158625,4135800
2024-04-12,37.38063049316406,37.85305507824787,37.0755213060384,37.40031532018799,6024400
2024-04-15,37.04599380493164,37.49873353686519,36.8786784166288,37.380628336033965,4838200
2024-04-16,38.15816116333008,38.38453102395742,36.44561889643657,36.70151787244769,13386100
2024-04-17,37.61684036254883,38.23689544768135,37.459365518856956,38.15815990308362,6574700
2024-04-18,37.990840911865234,38.049895386406746,37.498731554175286,37.61684050325832,6347300
2024-04-19,37.94163131713867,38.30579119623436,37.72510574944484,37.85305148119686,8284900
2024-04-22,37.66604995727539,37.961314815260906,37.508575116050025,37.656205667794595,5350900
2024-04-23,37.390472412109375,37.77431712848523,37.20346844449279,37.4790522508497,4381600
2024-04-24,37.62668228149414,38.02037128245085,37.35110223352238,37.370787059019875,4946800
2024-04-25,38.05974197387695,38.148321822527045,37.380632303890906,37.47905644377826,5460400
2024-04-26,38.6010627746582,38.75853763344608,38.04989889165224,38.25658393984318,5979700
2024-04-29,38.738853454589844,38.847118125785094,38.325479596798594,38.601063420158376,4677100
2024-04-30,38.92584991455078,39.14237923599975,38.54200521161597,38.62074451195977,6934600
2024-05-02,38.236900329589844,39.3687534943512,37.40031581963365,39.063644303151094,12268300
2024-05-03,38.15816116333008,38.37469048849386,37.63652643034084,38.37469048849386,5092600
2024-05-06,38.0203742980957,38.3057949042065,37.794004418664514,38.00068947103688,2810000
2024-05-07,38.28611373901367,38.59121917144511,37.89242470778341,37.99084508834255,4895900
2024-05-08,38.473114013671875,38.473114013671875,37.95147923793894,38.08926927269882,3759000
2024-05-09,38.28611373901367,38.31563910228204,37.66605482889992,38.05974010563332,4949800
2024-05-10,38.35500717163086,38.49279720051947,38.10895247590214,38.24674250479075,3462100
2024-05-13,38.4632682800293,38.69947866355763,37.89241963659251,38.47310881496949,11032700
2024-05-14,38.98490905761719,39.16206875010624,38.37469442487541,38.39437549782136,9947400
2024-05-15,38.994747161865234,39.339225988884145,38.758536756277636,39.02427627843621,3768600
2024-05-16,38.97506332397461,39.1719078366203,38.48295391960878,39.0931722842601,3271800
2024-05-17,39.01443099975586,39.01443099975586,38.3057922919511,38.689640761676415,6701800
2024-05-20,39.22111511230469,39.22111511230469,38.650270197988426,38.827429870758145,8148200
2024-05-21,39.132537841796875,39.29001269964024,38.876642605737686,39.09317194320861,6672800
2024-05-22,38.66011428833008,39.12269833804279,38.59121927086183,38.975064012326904,7065600
2024-05-23,38.414058685302734,38.56169300757316,38.18768881111904,38.38453332264736,5413400
2024-05-24,37.73495101928711,38.276270638184506,37.46921147811996,38.276270638184506,9008900
2024-05-27,37.744789123535156,37.803843602599095,37.52826354262753,37.7349485876062,1905700
2024-05-28,37.62668228149414,37.853052142970455,37.4101529555183,37.803841956475004,4937400
2024-05-29,37.13457489013672,37.36094476369877,36.90820501657468,37.301894038550174,7136500
2024-05-31,36.95741653442383,37.233000361513426,36.770416307235486,36.96726082530037,21946000
2024-06-03,36.750736236572266,37.25268625583231,36.73105140676831,37.13458103150595,5074200
2024-06-04,37.203468322753906,37.44952301239447,36.59325374370436,36.71135894347278,4322600
2024-06-05,36.947566986083984,37.154251990115526,36.2094030392605,36.504667867090696,8883900
2024-06-06,37.21331787109375,37.5282676179763,36.740893250769936,36.77041861625982,5135800
2024-06-07,37.252681732177734,37.390475524072905,36.809786256111096,36.83931161998302,6847500
2024-06-10,37.21331787109375,37.66605766292527,37.18378875110673,37.24284323658363,4491300
2024-06-11,37.203468322753906,37.49873319942326,37.124732774407164,37.31173298691521,5918200
2024-06-12,37.469207763671875,37.567628137533944,36.51451436832409,37.21331253893254,12710400
2024-06-13,37.81368637084961,37.86290031688992,37.37079089246243,37.54795058561608,5056600
2024-06-14,38.15816116333008,38.67979589631932,37.63652643034084,37.63652643034084,11832200
2024-06-17,38.15816116333008,38.6502705354321,37.79400127923362,37.99084202447719,6603100
2024-06-18,38.24673843383789,38.46326774447089,37.813679812571884,38.15815860262405,4188300
2024-06-19,39.18174743652344,39.191587971454084,38.40421376962983,38.67979380164423,7729100
2024-06-20,40.13644027709961,40.13644027709961,39.24080134573288,39.24080134573288,10168600
2024-06-21,40.431705474853516,40.75649568931166,39.831331474904694,40.07738614672002,12574100
2024-06-24,40.22502136230469,40.63839521123456,39.98881095248485,40.156126346565834,8649700
2024-06-25,40.913978576660156,41.061612910586796,40.05770920157805,40.205339781007616,7233100
2024-06-26,41.28798294067383,41.474983177041935,40.480923756036816,40.63839862731972,9408900
2024-06-27,41.041927337646484,41.67182680924155,40.72697760184896,41.337192245644545,8056700
2024-06-28,41.52418899536133,41.52418899536133,40.697445069607554,41.04192389546136,11180100
2024-07-01,41.36920928955078,41.85219293472912,41.181926693995756,41.250924357592666,3981200
2024-07-02,41.4283447265625,41.783191974256546,41.34949187156958,41.41848952972227,5461800
2024-07-03,41.5072021484375,41.9704753708307,41.39877618063565,41.71419512691897,4894700
2024-07-04,41.29035186767578,41.70434160132112,41.1622117405843,41.69448264380377,3864100
2024-07-05,41.586055755615234,41.8226218496431,41.36920757618774,41.41849108241715,3948100
2024-07-08,43.83342361450195,43.83342361450195,41.57620352337284,41.58605872128533,11694400
2024-07-09,43.91227722167969,43.96156073225826,43.41943459571226,43.45886290821146,5605400
2024-07-10,43.41943359375,44.19812582723096,43.29129346113004,43.912276208344416,4993800
2024-07-11,44.31640625,44.31640625,43.27158233124525,43.27158233124525,5502300
2024-07-12,45.22323226928711,45.794927657230026,44.30654484922729,44.316400045532276,8072900
2024-07-15,45.84421920776367,45.96250414473159,45.11481423024896,45.23309540712606,4646400
2024-07-16,46.011783599853516,46.53419553176798,45.72593400084389,45.90335763056777,8663600
2024-07-17,46.37648391723633,46.68204765657487,45.88364135964595,46.20891925249895,5579100
2024-07-18,46.72147750854492,46.72147750854492,45.883642876882384,46.307487791232624,7334900
2024-07-19,46.61305236816406,47.23403131502065,46.45534289212406,47.01718313552222,4210800
2024-07-22,46.49476623535156,46.78061582828961,46.27791806147649,46.613051159382046,3704000
2024-07-23,46.37648391723633,46.69190285328694,46.13006263844114,46.13006263844114,4935300
2024-07-24,45.982215881347656,46.46519952156792,45.745649779950554,46.277920688026065,3907100
2024-07-25,45.292232513427734,45.82450338649494,45.01623811993528,45.67664911283504,5990900
2024-07-26,46.248348236083984,46.28777654689529,45.29223613949936,45.39080315643693,5986900
2024-07-29,45.81464767456055,46.34691858532818,45.735794813756435,46.061068974720676,3952200
2024-07-30,45.203521728515625,45.84421482205764,45.05566745149568,45.79493131641448,7409900
2024-07-31,49.934810638427734,50.15166257938949,46.46519838349231,46.54405500205677,21911100
2024-08-01,52.08360290527344,52.17231471820428,49.31382631051326,49.875666539045085,13624400
2024-08-02,49.106834411621094,52.08360404853114,48.95898013346077,51.89632522160648,15383100
2024-08-05,48.34257125854492,48.906534633906624,47.066231504073926,47.491678088897594,10892300
2024-08-06,48.4514045715332,48.78780409239853,47.808286619370314,48.78780409239853,5361900
2024-08-07,47.808284759521484,48.6196005534054,47.65987176885771,48.599811903030286,4746100
2024-08-08,49.16377639770508,49.618907818556636,47.73902750551112,47.78849724547564,6144900
2024-08-09,49.17367172241211,49.56943340928173,48.174365631395574,49.24293011197177,7694400
2024-08-12,50.04435348510742,50.232340003345776,49.262718774965215,49.53975233327419,8193400
2024-08-13,50.58852767944336,51.73624297698033,50.281809261180356,50.44011468931307,10203100
2024-08-14,50.99418258666992,51.26132368867051,50.360960911245826,50.61820580152477,7557200
2024-08-15,52.14189910888672,52.51787590334756,51.33058334536001,51.41963038156655,6993700
2024-08-16,52.68607711791992,53.40834589122151,51.84508021355075,52.418935992293434,10598700
2024-08-19,51.24153518676758,53.42812997046796,51.24153518676758,53.10162292009606,11183700
2024-08-20,52.54755783081055,52.854272469304455,51.370157691665895,51.726345842186994,6174500
2024-08-21,52.86417007446289,53.0323679420306,52.11221645370368,52.488193264083286,4524500
2024-08-22,53.626014709472656,54.199870460742595,52.88395732080181,52.88395732080181,6979500
2024-08-23,53.240150451660156,54.17019444038194,53.20057314806363,53.9228419543528,4682400
2024-08-26,53.507286071777344,53.626014196024165,52.597027054420984,53.24014496149773,4814100
2024-08-27,53.428131103515625,53.7447419488518,52.83448671208505,53.507285701999166,3857600
2024-08-28,53.428131103515625,53.99209440766437,53.1214126958404,53.43802354117657,3555600
2024-08-29,52.97300720214844,53.44792350347668,52.7850169047086,53.18078237629843,6435200
2024-08-30,53.5765495300293,53.5765495300293,52.39914929094735,52.666290426513015,17140300
2024-09-02,51.79560470581055,54.01188445480754,51.61751062891351,53.91294497844212,5049200
2024-09-03,52.24083709716797,52.547555496334674,51.64719272220539,51.82528678955394,4760400
2024-09-04,52.8245964050293,53.04226780089205,51.97370324771062,52.369468735770276,4687100
2024-09-05,53.41823959350586,53.52707150686219,52.300205403453745,52.458510828870935,3816500
2024-09-06,52.31999206542969,53.339082966937035,52.16168664602759,53.22035484596019,4776400
2024-09-09,51.89455032348633,52.46840610631884,51.51857350241031,52.29031202129858,4805900
2024-09-10,52.329891204833984,52.329891204833984,51.39984721852223,51.795608930563674,5643900
2024-09-11,52.93342590332031,53.24014430935821,52.052851758536086,52.052851758536086,6069800
2024-09-12,52.745445251464844,53.705170326583264,52.082538629138284,52.78501878059079,6480500
2024-09-13,53.052154541015625,53.5765443225118,52.41893284757776,52.69596639488207,2955000
2024-09-16,52.438724517822266,53.34897981099631,52.09243256374502,53.05215759688735,2720400
2024-09-17,52.755332946777344,52.91363837194558,52.201262071538984,52.43872209644087,4258700
2024-09-18,53.032371520996094,53.69527814651573,52.38925732158385,52.63660980773457,6973800
2024-09-19,52.69596862792969,52.933428660181015,52.26062963881796,52.73554592902144,4842400
2024-09-20,51.963809967041016,53.00268963849172,51.963809967041016,52.44861871904498,11824400
2024-09-23,53.74474334716797,53.74474334716797,51.83518201350854,51.85497066364428,4877100
2024-09-24,54.80341339111328,55.18928264564842,53.89315810085596,53.922839189881984,8896000
2024-09-25,55.0903434753418,55.268437559096284,54.46701418220107,54.96171913167483,6674000
2024-09-26,55.4564208984375,55.54546793520423,54.62531648004771,55.209068437896484,5616900
2024-09-27,55.4366340637207,55.496000014941885,54.922140476034535,55.3574832363916,6450600
2024-09-30,53.88137435913086,55.714076455245284,53.88137435913086,55.10978023140848,6435400
2024-10-01,55.35744094848633,55.69426160005392,54.28753872149835,54.48566918342475,8044000
2024-10-02,54.8323974609375,55.84285946730206,54.6243621658395,55.605105924054186,5130300
2024-10-03,54.08940887451172,54.48566980286957,53.445489589710554,54.247912490050005,4470600
2024-10-04,53.9903450012207,54.465855843161386,53.75258769073824,53.85165481136603,4819200
2024-10-07,52.900634765625,54.198381964329556,52.86100791614678,54.13894546913659,5409300
2024-10-08,53.8021240234375,54.059690983247854,53.50492643570145,53.64362040685628,6798000
2024-10-09,53.495025634765625,53.80212806830295,52.791666019496645,53.415771931004535,5806100
2024-10-10,53.67333984375,53.67333984375,53.01951193848162,53.197828983466124,3762500
2024-10-11,53.663429260253906,53.871468324403516,53.12848192407789,53.68324268441217,3283900
2024-10-14,54.52529525756836,54.52529525756836,53.197826094237925,53.66342832727734,5422800
2024-10-15,56.00136184692383,56.00136184692383,54.36679399152313,54.8819316958327,8123800
2024-10-16,56.655189514160156,56.68491154055413,55.48622391664607,55.48622391664607,10016400
2024-10-17,55.69426345825195,56.55612665050931,55.47631956495896,56.36790478386269,5134400
2024-10-18,54.70361328125,56.14995923457148,54.42622912186937,56.011269044393295,5431900
2024-10-21,54.52529525756836,55.03052433823535,54.23800628080468,55.01071091442156,5297800
2024-10-22,55.426788330078125,55.426788330078125,54.08941049116628,54.28754096126704,4733100
2024-10-23,55.6744499206543,56.0211754056228,54.60454766013831,54.9314634994152,4913300
2024-10-24,55.74379348754883,56.07070553882803,54.980993662531695,55.723980063376715,3520800
2024-10-25,54.95127487182617,55.753697758220135,54.911648023874214,55.6249161709126,3796300
2024-10-28,55.73388671875,55.922112365062695,55.33762955934969,55.67445022330336,2063700
2024-10-29,56.407527923583984,56.476873020803346,55.51594648261031,55.59519640270771,4877100
2024-10-30,53.495025634765625,54.86212179244763,52.95016964799422,54.75314983928843,20716600
2024-10-31,53.6039924621582,54.13894357431821,52.752034123316164,53.39595717821516,9694500
2024-11-01,54.1884765625,55.03052632028133,54.119131466166216,54.43613870055619,6364400
2024-11-04,55.6645393371582,55.6645393371582,53.712964309915044,54.70361283630064,6547400
2024-11-05,55.48622512817383,55.793327547454844,54.40641802821568,55.35744353407725,5779800
2024-11-06,55.56547927856445,56.08061699619874,54.65408061535779,55.09987323437059,5170500
2024-11-07,55.24846649169922,55.66453704169184,54.34697652102449,55.33762500655822,4521400
2024-11-08,54.574825286865234,55.18902629053077,54.38660343482917,54.495571593992736,7160900
2024-11-11,54.971092224121094,54.971092224121094,54.0398801258253,54.148852075968385,3348100
2024-11-12,54.90174102783203,54.95127647873262,54.48567044924222,54.58473379299475,3988000
2024-11-13,54.1884765625,55.03052632028133,54.00025091900173,54.64417398955756,9208500
2024-11-14,53.84174728393555,54.277635065345336,53.39595845880182,54.13894487272379,6074900
2024-11-18,53.495025634765625,53.80212806830295,53.088859850551536,53.415771931004535,3437300
2024-11-19,53.623809814453125,54.000253561824536,53.0393269888744,53.48511961499792,4176900
2024-11-21,53.227542877197266,53.44548675413339,52.66287354061192,53.237451478343864,6608700
2024-11-22,53.50492477416992,53.74268208117063,53.128481058369736,53.44548828168789,5034900
2024-11-25,51.662322998046875,53.70305657682628,51.59297790240044,53.51483471421801,12443900
2024-11-26,52.28643035888672,52.59353277629143,51.54344393076752,51.67222930310168,8886200
2024-11-27,51.62269592285156,52.76193947420382,51.41466063682519,52.43502742173727,6111900
2024-11-28,52.41521453857422,53.088855853729655,51.04811848381474,51.42456599028968,7146300
2024-11-29,53.43558120727539,53.782310465767154,51.79110477218456,52.256710798061704,8458300
2024-12-02,53.3464241027832,53.83184356594489,52.71240962120219,53.03932546396862,6197600
2024-12-03,54.08940887451172,54.42622952990861,52.99969699006404,53.346422468108955,6016400
2024-12-04,54.48566818237305,55.476316694779825,53.96062568008519,54.03987559598516,5505900
2024-12-05,54.41632843017578,55.17912831308613,54.10922600073669,54.65408198023707,5198100
2024-12-06,55.08005905151367,55.317816371391416,54.23800927753611,54.26772752538668,6487900
2024-12-09,55.22865676879883,55.44660065950609,54.90174093273794,55.08005797440309,4459000
2024-12-10,56.34809112548828,56.77407030841792,55.397065636259114,55.466414512130214,5662200
2024-12-11,58.002471923828125,59.270504639250916,56.199491862752424,56.466967425091035,10358000
2024-12-12,57.259483337402344,57.97275147657086,56.59575064713933,57.92321980668954,10479800
2024-12-13,57.12079620361328,57.97275457560206,57.100982778796755,57.259486398304595,6356600
2024-12-16,56.5759391784668,57.62602422072563,56.5759391784668,57.30901698770135,5966200
2024-12-17,57.35855484008789,57.94303765901747,56.79388544643001,57.17032918951895,9401900
2024-12-18,56.516502380371094,58.002475293679844,56.03108667827731,57.24958401370754,10121900
2024-12-19,55.9320182800293,58.111445925869425,55.91220485481877,56.97219853992304,9028800
2024-12-20,55.02062225341797,55.84285859796799,53.901188315898075,55.615009881308964,14233300
2024-12-23,53.81005859375,55.05015024494349,53.79021667319578,55.05015024494349,4062300
2024-12-26,54.22673034667969,54.46482962105401,53.67116789611265,53.81006134709909,3560800
2024-12-27,53.25449752807617,54.564034042335464,53.25449752807617,54.46482822149683,3720300
2024-12-30,52.35171127319336,53.5818801111754,52.31202743081729,53.26441694108588,4283000
